Q_H_annual,Q_C_annual,Q_H_annual_per_sqm,Q_C_annual_per_sqm
18505529.4193319,4315803.628004636,148044.23535465522,34526.42902403708
