Q_H_annual,Q_C_annual,Q_H_annual_per_sqm,Q_C_annual_per_sqm
63999960.039518885,2425673.585706571,511999.68031615106,19405.388685652568
