Q_H_annual,Q_C_annual,Q_H_annual_per_sqm,Q_C_annual_per_sqm
5139592.143674964,2596880.520276068,41116.73714939971,20775.044162208542
