Q_H_annual,Q_C_annual,Q_H_annual_per_sqm,Q_C_annual_per_sqm
17534582.707142293,4402200.195741145,140276.66165713835,35217.60156592916
