Q_H_annual,Q_C_annual,Q_H_annual_per_sqm,Q_C_annual_per_sqm
24665188.082386434,9597885.565392578,197321.50465909147,76783.08452314063
