Q_H_annual,Q_C_annual,Q_H_annual_per_sqm,Q_C_annual_per_sqm
13181211.979738778,5350501.68955763,105449.69583791021,42804.01351646104
