Q_H_annual,Q_C_annual,Q_H_annual_per_sqm,Q_C_annual_per_sqm
23007950.16177287,9783106.359924925,184063.60129418297,78264.8508793994
