Q_H_annual,Q_C_annual,Q_H_annual_per_sqm,Q_C_annual_per_sqm
63999960.03951886,2425673.585706567,511999.6803161509,19405.388685652535
