Q_H_annual,Q_C_annual,Q_H_annual_per_sqm,Q_C_annual_per_sqm
4797972.521657145,1924039.3684557448,38383.78017325716,15392.314947645958
