Q_H_annual,Q_C_annual,Q_H_annual_per_sqm,Q_C_annual_per_sqm
25173495.458571676,8800013.579958405,201387.96366857341,70400.10863966725
