Q_H_annual,Q_C_annual,Q_H_annual_per_sqm,Q_C_annual_per_sqm
26826160.73831255,8656424.723917209,214609.2859065004,69251.39779133767
