Q_H_annual,Q_C_annual,Q_H_annual_per_sqm,Q_C_annual_per_sqm
18989484.43112298,6598940.069490859,151915.87544898386,52791.52055592687
