Q_H_annual,Q_C_annual,Q_H_annual_per_sqm,Q_C_annual_per_sqm
19399608.50443495,7700085.808565272,155196.8680354796,61600.68646852217
