Q_H_annual,Q_C_annual,Q_H_annual_per_sqm,Q_C_annual_per_sqm
4323987.45273746,2299221.4600656275,34591.899621899676,18393.77168052502
