Q_H_annual,Q_C_annual,Q_H_annual_per_sqm,Q_C_annual_per_sqm
54217889.87933502,2241394.9135719044,433743.1190346802,17931.159308575236
