Q_H_annual,Q_C_annual,Q_H_annual_per_sqm,Q_C_annual_per_sqm
16859412.91106516,4108066.878107831,134875.3032885213,32864.53502486265
