Q_H_annual,Q_C_annual,Q_H_annual_per_sqm,Q_C_annual_per_sqm
18210808.28388442,4649414.414440541,145686.46627107536,37195.31531552433
