Q_H_annual,Q_C_annual,Q_H_annual_per_sqm,Q_C_annual_per_sqm
3254785.4210593365,2401662.807192166,26038.28336847469,19213.302457537327
