Q_H_annual,Q_C_annual,Q_H_annual_per_sqm,Q_C_annual_per_sqm
19189158.644238852,4604937.745727547,153513.2691539108,36839.50196582038
