Q_H_annual,Q_C_annual,Q_H_annual_per_sqm,Q_C_annual_per_sqm
11520772.549363181,5540279.690399021,92166.18039490544,44322.23752319217
