Q_H_annual,Q_C_annual,Q_H_annual_per_sqm,Q_C_annual_per_sqm
67067678.706780285,2242002.1569621935,536541.4296542422,17936.01725569755
