Q_H_annual,Q_C_annual,Q_H_annual_per_sqm,Q_C_annual_per_sqm
6633055.6364477705,2169471.236201739,53064.445091582165,17355.76988961391
