Q_H_annual,Q_C_annual,Q_H_annual_per_sqm,Q_C_annual_per_sqm
16537149.32681746,4450067.6007240135,132297.19461453968,35600.54080579211
