Q_H_annual,Q_C_annual,Q_H_annual_per_sqm,Q_C_annual_per_sqm
50548974.145811945,1846659.3975262088,404391.79316649557,14773.27518020967
