Q_H_annual,Q_C_annual,Q_H_annual_per_sqm,Q_C_annual_per_sqm
17843271.790195487,4071179.1585755097,142746.17432156389,32569.433268604076
