Q_H_annual,Q_C_annual,Q_H_annual_per_sqm,Q_C_annual_per_sqm
54217889.879335046,2241394.9135719007,433743.11903468036,17931.159308575207
