Q_H_annual,Q_C_annual,Q_H_annual_per_sqm,Q_C_annual_per_sqm
26266394.15323464,3136096.170155901,210131.15322587712,25088.769361247207
