Q_H_annual,Q_C_annual,Q_H_annual_per_sqm,Q_C_annual_per_sqm
65187758.25938521,2641322.8101935857,521502.0660750817,21130.582481548685
