Q_H_annual,Q_C_annual,Q_H_annual_per_sqm,Q_C_annual_per_sqm
18841326.004316278,8621332.206404954,150730.60803453022,68970.65765123963
