Q_H_annual,Q_C_annual,Q_H_annual_per_sqm,Q_C_annual_per_sqm
3739671.570629404,1993521.3888264995,29917.37256503523,15948.171110611996
