Q_H_annual,Q_C_annual,Q_H_annual_per_sqm,Q_C_annual_per_sqm
17150150.97183118,8821600.049821941,137201.20777464943,70572.80039857553
