Q_H_annual,Q_C_annual,Q_H_annual_per_sqm,Q_C_annual_per_sqm
19472024.81534459,4281184.249677642,155776.19852275672,34249.47399742114
