Q_H_annual,Q_C_annual,Q_H_annual_per_sqm,Q_C_annual_per_sqm
26266394.153234616,3136096.170155909,210131.15322587691,25088.769361247272
