Q_H_annual,Q_C_annual,Q_H_annual_per_sqm,Q_C_annual_per_sqm
16848930.18275834,7666958.948170486,134791.44146206672,61335.67158536389
