Q_H_annual,Q_C_annual,Q_H_annual_per_sqm,Q_C_annual_per_sqm
67067678.7067803,2242002.1569621973,536541.4296542424,17936.017255697578
