Q_H_annual,Q_C_annual,Q_H_annual_per_sqm,Q_C_annual_per_sqm
5595343.853321536,2223128.4911598964,44762.75082657229,17785.02792927917
