Q_H_annual,Q_C_annual,Q_H_annual_per_sqm,Q_C_annual_per_sqm
6196680.628843,2518074.0997307166,49573.445030744,20144.592797845733
