Q_H_annual,Q_C_annual,Q_H_annual_per_sqm,Q_C_annual_per_sqm
21102352.35312343,7552714.773956175,168818.81882498745,60421.7181916494
