Q_H_annual,Q_C_annual,Q_H_annual_per_sqm,Q_C_annual_per_sqm
10989094.792677768,6516301.916876319,87912.75834142214,52130.41533501055
