Q_H_annual,Q_C_annual,Q_H_annual_per_sqm,Q_C_annual_per_sqm
17343236.03298213,6735101.9655179605,138745.88826385705,53880.815724143686
