Q_H_annual,Q_C_annual,Q_H_annual_per_sqm,Q_C_annual_per_sqm
9369074.657904139,6808844.117977954,74952.59726323311,54470.75294382364
