Q_H_annual,Q_C_annual,Q_H_annual_per_sqm,Q_C_annual_per_sqm
50548974.14581193,1846659.3975262097,404391.79316649545,14773.275180209677
