,Q_H_annual,Q_C_annual,Q_H_annual_per_sqm,Q_C_annual_per_sqm
0,17812048.764605753,3688731.303358051,178120.48764605753,36887.31303358051
